title,token,image_count,city,district,top_description_text,price,bottom_description_text,category,description,brand
ایکسX22 PRO/ خرید از کارخانه بدون واسطه,QYhuzKdP,4,تهران,تجریش,۰ کیلومتر,"۳۲۰,۰۰۰,۰۰۰ تومان",نمایشگاه در تجریش,سواری و وانت,"نمایندگی ۷۷۷ مدیران خودرو ( ام وی ام چری فونیکس (MVM CHERY)
با ۶ مرکز فعال در تهران و کرج و اداره تحویل اختصاصی ویژه مشتریان نمایندگی ۷۷۷

عقد قرارداد و پرداخت وجه به حساب مدیران خودرو
تحویل از کارخانه مدیران خودرو
بدون دریافت کمیسون و وجه اضافه
اماکن تحویل رایگان خودرو در شهرستان محل سکونت
     

موتور  طراحی شرکت AVL اتریش
موتور ۱۰۰۰ توربو شارژ
اضافه شدن Auto Hold
فرمان برقی با طرح D CUT
چراغ های مه شکن هوشمند 
سیستم پایداری الکترونیک BOSCH ESP 

ادرس ها :
تهران – سعادت آباد بعدازمیدان کوثر, پلاک۷۲
تهران – ارگ تجاری تجریش



در صورت عدم موفقیت در برقراری ارتباط، با خطوط سازمانی کارشناسان ما تماس حاصل فرمایید.
09937693571
021-48000444",ام‌وی‌ام X22 Pro اکسلنت
تیگو 7 توربو*TIGGO7 IE/طرح فروش دولتی/نقد,QYRiIgIC,3,تهران,تجریش,۰ کیلومتر,"۱,۱۲۴,۰۰۰,۰۰۰ تومان",نمایشگاه در تجریش,سواری و وانت,"نمایندگی ۷۷۷ مدیران خودرو ( ام وی ام چری فونیکس (MVM CHERY)


طرح فروش نقدی مدیران خودرو

مشخصات فنی و آپشن های تیگو 7 :
سیستم انتقال قدرت دابل کلاچ DCT
 پیشرانه 1.5 لیتری توربو از شرکت  AVL اتریش 
اتوهلد و سیستم پارک برقی 
 سانروف شیشه ای پانوراما
با ۵ سال یا ۱۵۰ هزار کیلومترگارانتی 


ادرس ها :
تهران – سعادت آباد بعدازمیدان کوثر, پلاک۷۲
تهران – ارگ تجاری تجریش


در صورت عدم موفقیت در برقراری ارتباط، با خطوط سازمانی کارشناسان ما تماس حاصل فرمایید.
09937693617
021-48000444",چری تیگو 7 اکسلنت
*آریزوARRIZO5/اقساطی,QYGC-bWM,3,تهران,تجریش,۰ کیلومتر,"۴۰۹,۰۰۰,۰۰۰ تومان",نمایشگاه در تجریش,سواری و وانت,"نمایندگی ۷۷۷ مدیران خودرو ( ام وی ام چری فونیکس (MVM CHERY)
با ۶ مرکز فعال در تهران و کرج 

عقد قرارداد و پرداخت وجه به حساب مدیران خودرو
تحویل از کارخانه مدیران خودرو
بدون دریافت کمیسون و وجه اضافه
اماکن تحویل رایگان خودرو در شهرستان محل سکونت

✴ گیربکس CVT جدیدبا 9 دنده 
✴ داشبورد و کابین جدید  با طراحی مشابه آریزو ۶
✴ بهینه شدن مصرف سوخت نسبت به نمونه قبلی
✴ طراحی جدید رینگ و جلوپنجره
✴ طراحی داخلی طرح کربن
✴ دریچه تهویه عقب


ادرس ها :
تهران – سعادت آباد بعدازمیدان کوثر, پلاک۷۲
تهران – ارگ تجاری تجریش



در صورت عدم موفقیت در برقراری ارتباط، با خطوط سازمانی کارشناسان ما تماس حاصل فرمایید.

09937693617
021-48000444",چری آریزو 5IE جدید توربو
فروش اقساط سانتافه,wYjZGQVd,1,تهران,نارمک,"۱۰۰,۰۰۰ کیلومتر","۹۷۵,۰۰۰,۰۰۰ تومان",نمایشگاه در نارمک,سواری و وانت,"❌ ❌❌شرایط ویژه  فروش اقساط خودرو تهران و شهرستان ❌❌❌

باسلام شما خودتون میتونید ماشینی که میخواین تو هر نقطه از تهران یا شهرستان پیدا کنید ما همون ماشین نقد میخریم از فروشنده اقساط به شما میدهیم.
اصلا هم نیاز نیست به فروشنده چیزی بگید یا با خودتون بیارین دفتر ما. شما زنگ بزنید ما میایم اونجا تمامی مراحل خرید تا تحویل هم یکروزه انجام میدهیم.
توجه داشته باشید ما هیچگونه بالا بودی رو خودرو نمیگیریم مثل خیلی از شرکت ها...

شرایط اقساط
⭕1.پیش پرداخت حداقل 60 درصد ارزش خودرو.
⭕2.اقساط با چک 3 درصد ماهانه بدون ضامن.
⭕3.اقساط با سفته 3.5 ماهانه با ضامن.
⭕4.پرداخت اقساط از 6 ماه تا 24 ماه هر دوماه یکبار امکان پذیر میباشد. 
⭕ساعت کاری از 10صبح تا 8 شب.
☎برای اطلاعات بیشتر با شماره زیر تماس بگیرید
خانم افکاری 09376013696

آدرس:
 تهران خیابان رسالت بعد از مترو سرسبز به سمت میدان رسالت ساختمان 711",هیوندای سانتافه ix 45
جک کی ام سیK7مشکی صفر*,gYMyGoK3,2,تهران,اقدسیه,۰ کیلومتر,توافقی,نمایشگاه در اقدسیه,سواری و وانت,"***عاملیت فروش محصولات***
*امکان کارشناسی خودرو تا24 ساعت*نقدو اقساط
ارسال خودرو با خودروبر درب منزل*
15سال سابقه درخشان.
تهران وشهرستان ها تحویل خودرو همان روز //پلاک به نام//بیمه//گارانتی//سندآزاد//سند آماده.امکان مشاوره خرید خودرو
آدرس :پاسداران /حیات سبز
کارشناس خانم سعادت:09128951157***09121995618***
ساعت مراجعه:۸:۳۰ الی ۱۷",کی‌ام‌سی K7
تارا اتومات.. صفر خشک مدل1402 تحویل روز,gY3dH065,1,تهران,ستارخان,۰ کیلومتر,"۹۵۹,۰۰۰,۰۰۰ تومان",نمایشگاه در ستارخان,سواری و وانت,"_______اطلس خودرو________
««««
نمایندگی فروش نقدی سایپا و ایران خودرو

⬅️ تحویل آنی  همان لحظه
»»»»
☎️تماس با کارشناسان فروش جهت مشاوره ...⬇️


66123521.....۰۲۱......۶۶۱۲۳۲۲۴          


خانم میرزایی :::::::.     ۰۹۳۸۸۱۷۸۲۱۸   
۰۹۹۱۵۵۴۹۶۳۶                           

 آدرس:: ستارخان ، نبش پاتریس لومومبا ، پلاک ۲۰۷",تارا اتوماتیک
جک S3 (اس3) اتوماتیک سفید صفر 99,gYHknPYS,3,تهران,پونک,۰ کیلومتر,توافقی,نمایشگاه در پونک,سواری و وانت,"⋘ نمایندگی کرمان موتور 1752 رفیعی⋙

- جک S3 (اس3) اتوماتیک
- مدل 99 سفید
- صفر کیلومتر
- دارای برگه تایید سلامت فنی و بدنه خودرو 
▪️▪️▪️▪️▪️▪️▪️▪️▪️▪️▪️▪️▪️▪️▪️▪️▪️▪️▪️▪️▪️▪️▪️▪️▪️▪️▪️▪️▪️▪️▪️▪️▪️▪️
مشخصات فنی:
- حجم موتور 1600 سی سی با قدرت 107 اسب بخار
- گیربکس اتوماتیک از نوع CVT
- فرمان برقی EPS با قابلیت تنظیم ارتفاع
- سیستم ترمز جلو و عقب دیسکی
- رینگ 16 اینچ آلومینیومی
- ارتفاع خودرو 166 سانتیمتر
- وزن خالص 1250 کیلوگرم
- کروز کنترل
- سانروف برقی دو حالته
- تهویه مطبوع اتوماتیک
- ایربگ 2 عدد
- مانیتور، دوربین دنده عقب، GPS و بلوتوث
▪️▪️▪️▪️▪️▪️▪️▪️▪️▪️▪️▪️▪️▪️▪️▪️▪️▪️▪️▪️▪️▪️▪️▪️▪️▪️▪️▪️▪️
☎️ تلفن تماس:
- 02146131988
- 02146132072
- 02146131789
- 02146131797
آدرس: اتوبان ستاری شمال، بالاتر از همت، بلوار میرزابابایی، نرسیده به بلوار سردار جنگل، پلاک 160

⋘نمایندگی رفیعی ضامن سلامت خرید شماست⋙",جک S3 اتوماتیک
کوییک S دنده ای صفر و خشک تحویل روز,wYDt_3gz,1,تهران,ستارخان,۰ کیلومتر,توافقی,نمایشگاه در ستارخان,سواری و وانت,"✅نمایندگی کارا خودرو✅
کد ثبت 554593 
فروش نقدی محصولات سایپا پارس خودرو ایرانخودرو

جهت ارتباط با کارشناس و راهنمایی بیشتر با شماره های زیر تماس حاصل فرمایید: 
_____خانم بهرامی_____

  ☎️☎️  ۰۹۹۰۵۴۲۳۹۳۱☎️☎️
☎️☎️۰۲۱۴۴۳۷۸۰۲۳☎️☎️

✅تحویل فوری مستقیم از پارکینگ نمایندگی
✅تسویه بعد از تحویل و رویت خودرو
✅سند آزاد/مدارک تکمیل/آماده انتقال
✅۷۰ درصد تخفیف بیمه بدنه
✅بیمه شخص ثالث
✅گارانتی شرکتی
✅24 ساعت حق کارشناسی خودرو بعد از تحویل
✅بدون هیچگونه هزینه جانبی اعم از کارمزد، کمیسیون، خرج سند
امکان نصب آپشنهای سفارشی با بهترین کیفیت و نازلترین قیمت

☎️۰۹۹۰۵۴۲۳۹۳۱☎️
☎️۰۲۱۴۴۳۷۸۰۲۳☎️
آدرس دفتر : 
ساعت کاری شرکت : ۹ الی ۱۸ 
صادقیه خیابان ستارخان بین چهارراه اسدی و چهارراه خسرو روبروی برج مرجان پلاک ۶۱۹",کوییک دنده‌ای S
x55 pro /ام وی ام/اقساطی /mvm,wYZ5hedn,5,تهران,تهرانپارس غربی,۰ کیلومتر,"۹۳۳,۰۰۰,۰۰۰ تومان",نمایشگاه در تهرانپارس غربی,سواری و وانت,"✔تنها نمایندگی اسپشیال رتبه 1 مدیران خودرو در ۵ سال متوالی در کشور،فروش وخدمات پس از فروش کد 193((خسروانی))

✔مشتریان محترم در صورت عدم موفقیت در برقراری ارتباط لطفا جهت اطلاعات کامل مدل خودرو به شماره 09192200179(جعفری)پیام دهید تا با شما تماس برقرار شود.
✔اقساط بلند مدت 12تا60ماه با سودبانکی
✔بیمه بدنه به مدت 5سال
✔اقساط ویژه کارمندان با سود18درصد بانکی
✔۵ سال یا ۱۵۰ هزار کیلومتر گارانتی به همراه ۲سال سرویس دوره ای رایگان
✔حمل با خودرو بر تا درب منزل
✔استفاده از پوشش ویژه حمایتی تعمیرگاهی vip پس از خرید
✔اسنپ رایگان جهت مشتریان محترم
✔انتخاب رنگ به دلخواه مشتری
✔خارج از محدوده طرح ترافیک و زوج و فرد
✔طرح تعویض خودروهای کارکرده مدیران خودرو
✔جهت حفظ سلامتی هموطنان عزیز،ثبت نام به صورت غیر حضوری نیز انجام میشود
✔در دسترس قراردادن بزرگترین خدمات پس از فروش ایران (vip)خدمت مشتریان محترم(رتبه ۱)

✔در صورت عدم برقراری تماس لطفا پیام دهید.

✔✔ جعفری 09192200179✔✔",ام‌وی‌ام X55 Pro اکسلنت
چری/تیگو 7 IE/صفر/tiggo 7 IE/اقساطی,wYqw_Vr6,1,تهران,صادقیه,۰ کیلومتر,توافقی,نمایشگاه در صادقیه,سواری و وانت,"⭐️نمایندگی رسمی مدیران خودرو 
رضایی روشن⭐️
⭐️تنها نمایندگی تخصصی چری در غرب تهران(۹۲۶۰)⭐️
⭐️محدوده صادقیه بلوار ایت الله کاشانی⭐️
⭐️نمایندگی برتر کشور⭐️

✳️( ام وی ام ، چری)
✳️فروش ویژه تمامی محصولات مدیران خودرو با 40% پیش پرداخت و باز پرداخت 1 تا 5 ساله
✳️سود 18% بانکی  

⬅️موتور ۱۵۰۰ توربو شارژ—— گیربکس 9 سرعته CVT

⬅️اپشن: اتوهلد-ترمز پارک برقی-آینه تاشو ها برقی-فرمان برقی-گرمکن صندلی های جلو-سقف شیشه ای

✅ ثبت نام بصورت حضوری و غیر حضوری
✅ طرح تعویض خودروهای کارکرده با نو
✅ سند ۶ دانگ به نام خریدار
✅ قرارداد مستقیم با مدیران خودرو 
✅ تحویل فوری 
✅ قید زمان تحویل و آپشن خودرو در قرار داد  
✅ خدمات پس از فروش مجهز
✅ تامین قطعات اورجینال  

جهت اطلاعات ثبت نام خودرو درخواستی و تسریع در وقت با توجه به محدود بودن تعداد خودرو و زمان ثبت نام لطفا با کارشناسان ما در تماس باشید؛   
هدف ما خدمت رسانی و پشتیبانی مشتریان 
کارشناس مربوطه:
☎️اقای بوالحسنی: 09058282049",چری تیگو 7 IE
ام وی ام/x55 pro/صفر/ایکس 55 پرو/اقساطی,wYq0PSt-,1,تهران,صادقیه,۰ کیلومتر,توافقی,نمایشگاه در صادقیه,سواری و وانت,"⭐️نمایندگی رسمی مدیران خودرو 
رضایی روشن⭐️
⭐️تنها نمایندگی تخصصی چری در غرب تهران(۹۲۶۰)⭐️
⭐️محدوده صادقیه بلوار ایت الله کاشانی⭐️
⭐️نمایندگی برتر کشور⭐️

✳️( ام وی ام ، چری)
✳️فروش ویژه تمامی محصولات مدیران خودرو با 40% پیش پرداخت و باز پرداخت 1 تا 5 ساله
✳️سود 18% بانکی  

⬅️موتور ۱۵۰۰ توربو شارژ—— گیربکس 9 سرعته CVT

⬅️اپشن: اتوهلد-ترمز پارک برقی-آینه تاشو ها برقی-فرمان برقی-کول باکس-گرمکن صندلی های جلو

✅ ثبت نام بصورت حضوری و غیر حضوری
✅ طرح تعویض خودروهای کارکرده با نو
✅ سند ۶ دانگ به نام خریدار
✅ قرارداد مستقیم با مدیران خودرو 
✅ تحویل فوری 
✅ قید زمان تحویل و آپشن خودرو در قرار داد  
✅ خدمات پس از فروش مجهز
✅ تامین قطعات اورجینال  

جهت اطلاعات ثبت نام خودرو درخواستی و تسریع در وقت با توجه به محدود بودن تعداد خودرو و زمان ثبت نام لطفا با کارشناسان ما در تماس باشید؛   
هدف ما خدمت رسانی و پشتیبانی مشتریان 
کارشناس مربوطه:
☎️اقای بوالحسنی: 09058282049",ام‌وی‌ام X55 Pro اکسلنت
چری/ام وی ام/آریزو 5 جدید/arrizo 5 IE/اقساطی,wYq0fv95,1,تهران,صادقیه,۰ کیلومتر,توافقی,نمایشگاه در صادقیه,سواری و وانت,"⭐️نمایندگی رسمی مدیران خودرو 
رضایی روشن⭐️
⭐️تنها نمایندگی تخصصی چری در غرب تهران(۹۲۶۰)⭐️
⭐️محدوده صادقیه بلوار ایت الله کاشانی⭐️
⭐️نمایندگی برتر کشور⭐️

✳️( ام وی ام ، چری)
✳️فروش ویژه تمامی محصولات مدیران خودرو با 40% پیش پرداخت و باز پرداخت 1 تا 5 ساله
✳️سود 18% بانکی  

⬅️موتور ۱۵۰۰ توربو شارژ—— گیربکس 9 سرعته CVT

⬅️اپشن: اتوهلد-ترمز پارک برقی-آینه تاشو ها برقی-فرمان برقی-

✅ ثبت نام بصورت حضوری و غیر حضوری
✅ طرح تعویض خودروهای کارکرده با نو
✅ سند ۶ دانگ به نام خریدار
✅ قرارداد مستقیم با مدیران خودرو 
✅ تحویل فوری 
✅ قید زمان تحویل و آپشن خودرو در قرار داد  
✅ خدمات پس از فروش مجهز
✅ تامین قطعات اورجینال  

جهت اطلاعات ثبت نام خودرو درخواستی و تسریع در وقت با توجه به محدود بودن تعداد خودرو و زمان ثبت نام لطفا با کارشناسان ما در تماس باشید؛   
هدف ما خدمت رسانی و پشتیبانی مشتریان 
کارشناس مربوطه:
☎️اقای بوالحسنی: 09058282049",چری آریزو 5IE جدید توربو
تیبا ۲ مدل ۱۴۰۰ صفر,AYpX3sNg,2,تهران,جمال‌زاده,۰ کیلومتر,"۱۳۰,۰۰۰,۰۰۰ تومان",نمایشگاه در جمال‌زاده,سواری و وانت,"فروش اقساطی خودروی  تیبا 2 با تنوع رنگ 
✅ نقد - اقساط 
✅ تحویل بروز 
✅ پیش پرداخت همزمان با تحویل 
✅ بدون ضامن با دسته چک 
✅ اقساط از ۴ماه تا ۳۰ ماه 
✅ معاوضه خودرو قبل و بعد از اتمام اقساط 
✅ امکان تسویه زودتر از موعد با کسر سود 
✅ کارت - پلاک و برگ سبز بنام متقاضی 
✅ انتخاب خودروی صفر و کارکرده از شما خرید و تحویل اقساطی از ما 

✅ مدارک مورد نیاز :
✏️کارت ملی و شناسنامه 
✏️دسته چک 
✏️پرینت حساب جاری  

❌لطفا جهت مشاوره بعد از ساعت ۱۶:۰۰ با شماره های همراه ثبت شده در پایین متن تماس حاصل فرمایید ❌  

☎️‌0️⃣2️⃣1️⃣5️⃣4️⃣6️⃣2️⃣9️⃣0️⃣0️⃣0️⃣

              09052064633
آدرس : خیابان جمالزاده شمالی نرسیده به خیابان فاطمی نبش کوچه عباسی 

اتو گالری سفیر خودرو 

تلفن تماس : ۰۲۱۵۴۶۲۹۰۰۰",تیبا هاچبک EX
پژو پارس سال xu7سفارشی,gY2qNzmp,1,تهران,صادقیه,۰ کیلومتر,"۴۷۶,۰۰۰,۰۰۰ تومان",نمایشگاه در صادقیه,سواری و وانت,"عاملیت فروش مجاز(شهاب خودرو)♦️♦️♦️♦️♦️

بابیش از 16سال سابقه درخشان درغرب تهران♦️♦️♦️♦️♦️

										((((((<کدثبت>️414398️))))))	((((((((((((فوری فوری فوری))))))))))

					(انتخاب باشما) (تحویل آنی ازما)♦️♦️♦️♦️

فروش فوری محصولات:
(ایران خودرو*سایپا*پارس خودرو*زامیاد)

 شامل بیمه شخص ثالث رایگان وگارانتی شرکتی 
 با70%تخفیف بیمه بدنه
 سند6دانگ به نام خریدار
 امکان بازدید کارشناس قبل ازپرداخت وجه
تا24ساعت حق کارشناسی
قیمت قطعی بدون هیچ هزینه ♦️♦️♦️♦️
♦️♦️♦️♦️ نصب آپشن سفارشی با مدیران خودرو بابهترین کیفیت ونازلترین قیمت
♦️♦️♦️♦️
فابریک کارخانه♨️️️️️️

جهت اطلاع از قیمت روز خودرو♦️♦️♦️♦️♦️♦️
باکارشناس فروش-》》》 	
☎️02144278224
☎️02144278223
		کارشناس فروش : خانوم ابراهیمی****09363634254",پژو پارس LX TU5
تیبا هاچبک اقساط,wYiFDC69,1,تهران,آسمان,۰ کیلومتر,توافقی,نمایشگاه در آسمان,سواری و وانت,"۶۰ الی ۵۰ درصد پیش پرداخت ،ما بقی اقساط  تا سقف ۲ سال 
.
چک و سفته 
‌.
تهران و شهرستان 
.
صفر و کار کرده 
.
تحویل فوری 
.
مدارک آماده انتقال 
.
برای اطلاعات بیشتر تماس بگیرید. 
.
گروه خودرویی فراز",تیبا صندوق‌دار EX
چری آریزو5 توربو/اقساطی بهای کارخانه/ARRIZO5,QYIiCELF,2,تهران,تجریش,۰ کیلومتر,"۳۸۰,۰۰۰,۰۰۰ تومان",نمایشگاه در تجریش,سواری و وانت,"نمایندگی ۷۷۷ مدیران خودرو ( ام وی ام چری فونیکس (MVM CHERY)
با ۶ مرکز فعال در تهران و کرج و اداره تحویل اختصاصی ویژه مشتریان نمایندگی ۷۷۷


⭕ طرح خرید نقدی خودرو از نمایندگی 777 مدیران خودرو
⭕ طرف قرار داد با شرکت مدیران خودرو 
⭕ مدارک به نام مشتری 
⭕ تامین و تحویل خودرو از شرکت مدیران خودرو 
⭕ مشخض کردن زمان تحویل و آپشن ها در قرار داد 
⭕ امکان تست درایو تمامی محصولات برای متقاضیان 
⭕ ثبت نام و بازدید خودرو در روزهای تعطیل
✴ موتور۱۵۰۰توربو شارژ
✴ گیربکس تیپ ترونیک 9سرعته
✴ دارای دی لایت 
✴ سیستم پایداری حرکت
✴ مصرف سوخت ۷ لیتر در ۱۰۰ کیلومتر
✴ ورود واستارت بدون کلید

طرح جایگزینی خودروی نو با خودروهای ( ام وی ام ۳۱۵ ، ایکس ۲۲ ، ایکس ۳۳ ، ۵۳۰ ، ۵۵۰ ، اریزو ۵ ، اریزو ۶ ، تیگو ۷ ) شما

ادرس ها :
تهران – سعادت آباد بعدازمیدان کوثر, پلاک۷۲
تهران – ارگ تجاری تجریش



در صورت عدم موفقیت در برقراری ارتباط، با خطوط سازمانی کارشناسان ما تماس حاصل فرمایید.
09937693617
021-48000444",چری آریزو 5IE جدید توربو
سمند سورن پلاس 1401 صفر اقساط,gY4na97T,1,تهران,هروی,۰ کیلومتر,توافقی,نمایشگاه در هروی,سواری و وانت,"شرکت راستین خودرو

فروش نقد و اقساط خودرو تحویل فوری
————————————
✅تحویل خودرو همزمان با پیش پرداخت
✅سند خودرو به نام مشتری و دررهن
✅اقساط یکسال تا سه سال با چک صیادی
✅امکان استفاده از چک شخص دیگری
✅پرداخت اقساط هر ۳ ماه یکبار
✅بیمه بدنه تا پایان اقساط
✅امکان تسویه پیش از موعد
✅مدارک خودرو آماده انتقال
✅چک ها در وجه بانک
      خانم الماسی:09198535206 
۲۶۷۵۵۷۹۵          
❌نشانی شرکت : تهران پاسداران میدان هروی خیابان موسوی نبش مکران جنوبی پلاک ۲۶ واحد ۱۰ ط۲ ❌",سمند سورن پلاس
پژو ۲۰۰۸ مدل ۹۹ صفر,wYLprMfK,3,تهران,سعادت‌آباد,۰ کیلومتر,توافقی,نمایشگاه در سعادت‌آباد,سواری و وانت,"پژو ۲۰۰۸ مدل ۹۹ صفر
مدارک تکمیل
تسویه و سند همزمان",پژو 2008
کوییک صفر 1401 سفیدمشکی دورنگ,wYTd7crA,1,تهران,ستارخان,۰ کیلومتر,توافقی,نمایشگاه در ستارخان,سواری و وانت,"✅نمایندگی کارا خودرو✅
کد ثبت 554593 
فروش نقدی محصولات سایپا پارس خودرو ایرانخودرو

جهت ارتباط با کارشناس و راهنمایی بیشتر با شماره های زیر تماس حاصل فرمایید: 
_____خانم بهرامی_____

  ☎️☎️  ۰۹۹۰۵۴۲۳۹۳۱☎️☎️
☎️☎️۰۲۱۴۴۳۷۸۰۲۳☎️☎️

✅تحویل فوری مستقیم از پارکینگ نمایندگی
✅تسویه بعد از تحویل و رویت خودرو
✅سند آزاد/مدارک تکمیل/آماده انتقال
✅۷۰ درصد تخفیف بیمه بدنه
✅بیمه شخص ثالث
✅گارانتی شرکتی
✅24 ساعت حق کارشناسی خودرو بعد از تحویل
✅بدون هیچگونه هزینه جانبی اعم از کارمزد، کمیسیون، خرج سند
امکان نصب آپشنهای سفارشی با بهترین کیفیت و نازلترین قیمت

☎️۰۹۹۰۵۴۲۳۹۳۱☎️
☎️۰۲۱۴۴۳۷۸۰۲۳☎️
آدرس دفتر : 
ساعت کاری شرکت : ۹ الی ۱۸ 
صادقیه خیابان ستارخان بین چهارراه اسدی و چهارراه خسرو روبروی برج مرجان پلاک ۶۱۹",کوییک دنده‌ای R
چری/ام وی ام/اریزو ۵ توربو فیس جدید/صفر,wYFBxVRY,2,تهران,صادقیه,۲ کیلومتر,"۷۶۰,۰۰۰,۰۰۰ تومان",نمایشگاه در صادقیه,سواری و وانت,"⭐️نمایندگی مرسمی مدیران خودرو رضایی روشن⭐️ ⭐️تنها نمایندگی تخصصی چری در غرب تهران(۹۲۶۰)⭐️ 
⭐️محدوده صادقیه بلوار ایت الله کاشانی⭐️ ⭐️نمایندگی برتر کشور⭐️ 
 ✳️( ام وی ام ، چری)  
⬅️موتور 1000 توربو شارژ—— گیربکس 9 سرعته CVT  ⬅️اپشن: اتوهلد-ترمز پارک برقی-آینه تاشو ها برقی-فرمان برقی-گرمکن صندلی های جلو 
 ✅ ثبت نام بصورت حضوری و غیر حضوری
 ✅ طرح تعویض خودروهای کارکرده با نو 
✅ سند ۶ دانگ به نام خریدار
 ✅ قرارداد مستقیم با مدیران خودرو 
✅ تحویل فوری 
✅ قید زمان تحویل و آپشن خودرو در قرار داد 
✅ خدمات پس از فروش مجهز 
✅ تامین قطعات اورجینال  جهت اطلاعات ثبت نام خودرو درخواستی و تسریع در وقت با توجه به محدود بودن تعداد خودرو و زمان ثبت نام لطفا با کارشناسان ما در تماس باشید؛ هدف ما خدمت رسانی و پشتیبان
کارشناس فروش: 
آقای بوالحسنی 09058282049",چری آریزو 5IE جدید توربو
کوییک سفید دنده ای/اتومات خشک مدل 1401 تحویل روز,wYCBnfMZ,1,تهران,ستارخان,۰ کیلومتر,توافقی,نمایشگاه در ستارخان,سواری و وانت,"✅نمایندگی کارا خودرو✅
کد ثبت 554593 
فروش نقدی محصولات سایپا پارس خودرو ایرانخودرو

جهت ارتباط با کارشناس و راهنمایی بیشتر با شماره های زیر تماس حاصل فرمایید: 
_____خانم بهرامی_____

  ☎️☎️  ۰۹۹۰۵۴۲۳۹۳۱☎️☎️
☎️☎️۰۲۱۴۴۳۷۸۰۲۳☎️☎️

✅تحویل فوری مستقیم از پارکینگ نمایندگی
✅تسویه بعد از تحویل و رویت خودرو
✅سند آزاد/مدارک تکمیل/آماده انتقال
✅۷۰ درصد تخفیف بیمه بدنه
✅بیمه شخص ثالث
✅گارانتی شرکتی
✅24 ساعت حق کارشناسی خودرو بعد از تحویل
✅بدون هیچگونه هزینه جانبی اعم از کارمزد، کمیسیون، خرج سند
امکان نصب آپشنهای سفارشی با بهترین کیفیت و نازلترین قیمت

☎️۰۹۹۰۵۴۲۳۹۳۱☎️
☎️۰۲۱۴۴۳۷۸۰۲۳☎️
آدرس دفتر : 
ساعت کاری شرکت : ۹ الی ۱۸ 
صادقیه خیابان ستارخان بین چهارراه اسدی و چهارراه خسرو روبروی برج مرجان پلاک ۶۱۹",کوییک دنده‌ای ساده
جکS5(جک اس5) مدل1401 صفر کیلومتر,wYGx17Qm,4,تهران,کوی فردوس,۰ کیلومتر,توافقی,نمایشگاه در کوی فردوس,سواری و وانت,"***نمایندگی مجاز 1732 کرمان موتور(یعقوبیان)***
جک اس 5//نیو فیس///موتور1500 سی سی GDI//تحویل فوری//گارانتی فعال
مرکز تماس:02145895
09352439916",جک S5 نیوفیس
نقد 207mcصفر خشک,wYftJnzw,1,تهران,مدائن,۰ کیلومتر,"۸۹۰,۰۰۰,۰۰۰ تومان",نمایشگاه در مدائن,سواری و وانت,"عاملیت فروش ایرانخودرو - بهمن -کرمان موتور
فروش ویژه نقد 
خودرو فوق موجود اماده تحویل ب مشتریان محترم 

کلیه اسناد مدارک ب نام مشتری در رهن در دفتر خانه
———


مجموعه: 77971693
‎رشوند 09963082092
‎09022237950 بزرگمنش

ادرس ::نارمک‌‌ خیابان شهید ثانی نبش محقق امین",پژو 207i اتوماتیک MC
E200 2015,wYiNBcMI,5,تهران,فرمانیه,"۷۸,۰۰۰ کیلومتر",جهت معاوضه,نمایشگاه در فرمانیه,سواری و وانت,"تک سقف سانروف
رنگ شدگی(زیر در و یه گلگیر)
سه رادار،گرم کن سرد کن صندلی برقی…
بدنه عالی بدونه خط خش و خوردگی",بنز کلاس E E200
